,RH(%),T(degC),LightVOC(ADU),HeavyVOC(ADC),Ozone(ADU),CO(ADU),CO2(ADU),Elevation(ft),Distance From Road (miles)
RH(%),1.0,-0.46204573984339564,2.6060045811330825,11.01363734846765,-8.914394527440841,-5.8619548411679725,4.340024401164325,-30.981586086393467,-0.01688473741446153
T(degC),-0.46204573984339564,1.0,-3.4623675876420648,-19.171394486715815,21.94250741162525,10.843110318797827,-8.342294197888428,36.47147660355261,0.017514704432752024
LightVOC(ADU),2.6060045811330825,-3.4623675876420648,1.0,6.258034857625504,1.0461854012042207,1.4866200730275008,0.4496727525116931,-5.8511432705379525,-0.003799361398142242
HeavyVOC(ADC),11.01363734846765,-19.171394486715815,6.258034857625504,1.0,0.14878130182104202,0.32105260050984513,0.011624062846139226,0.024903196871744894,2.9650255634211108e-05
Ozone(ADU),-8.914394527440841,21.94250741162525,1.0461854012042207,0.14878130182104202,1.0,0.3453654433902731,-0.13583671444486178,0.484563387110127,0.00031721643969791083
CO(ADU),-5.8619548411679725,10.843110318797827,1.4866200730275008,0.32105260050984513,0.3453654433902731,1.0,-0.004154218431671108,0.40066785727874177,0.0002727196079416072
CO2(ADU),4.340024401164325,-8.342294197888428,0.4496727525116931,0.011624062846139226,-0.13583671444486178,-0.004154218431671108,1.0,-7.58509879793066,-0.004813020750581542
Elevation(ft),-30.981586086393467,36.47147660355261,-5.8511432705379525,0.024903196871744894,0.484563387110127,0.40066785727874177,-7.58509879793066,1.0,0.0006973022028306863
Distance From Road (miles),-0.01688473741446153,0.017514704432752024,-0.003799361398142242,2.9650255634211108e-05,0.00031721643969791083,0.0002727196079416072,-0.004813020750581542,0.0006973022028306863,1.0
